{"name":"NIL","short_name":"简表","orientation":"portrait","display":"standalone","start_url":".","background_color":"#FFFFFF","theme_color":"#F4A434","theme-color":"#F4A434","icons":[{"src":"../icons-0546bdb8ba1ff25e17d8919795cc817d/android-chrome-144x144.png","sizes":"144x144","type":"image/png"},{"src":"../icons-0546bdb8ba1ff25e17d8919795cc817d/android-chrome-192x192.png","sizes":"192x192","type":"image/png"},{"src":"../icons-0546bdb8ba1ff25e17d8919795cc817d/android-chrome-256x256.png","sizes":"256x256","type":"image/png"},{"src":"../icons-0546bdb8ba1ff25e17d8919795cc817d/android-chrome-36x36.png","sizes":"36x36","type":"image/png"},{"src":"../icons-0546bdb8ba1ff25e17d8919795cc817d/android-chrome-384x384.png","sizes":"384x384","type":"image/png"},{"src":"../icons-0546bdb8ba1ff25e17d8919795cc817d/android-chrome-48x48.png","sizes":"48x48","type":"image/png"},{"src":"../icons-0546bdb8ba1ff25e17d8919795cc817d/android-chrome-512x512.png","sizes":"512x512","type":"image/png"},{"src":"../icons-0546bdb8ba1ff25e17d8919795cc817d/android-chrome-72x72.png","sizes":"72x72","type":"image/png"},{"src":"../icons-0546bdb8ba1ff25e17d8919795cc817d/android-chrome-96x96.png","sizes":"96x96","type":"image/png"}]}