{"Declaration1":true,"organiserNameChi":"青年。出走","organiserNameEn":"Youth。Travel","unitChi":"青年。出走","unitEng":"Youth。Travel","fundingScheme":["international","youthexchange","youthinternship"],"registrationStatus":"option4","homeAdd":"Test","TelNum":"12341234","Email":"123@123.com","url":"NA","join":"y","joinNum":"1","organiserNameOne_practiceItemOneChi":"出走。","organiserNameOne_practiceItemOneEng":"Travel。","organiserNameOne_fundingScheme":["international"],"registrationStatus_organiserOne_practiceItemOne":"option1","registrationType_join1_practiceItemOne":"cbo1_d","cbo1_d_input1_join1_practiceItemOne":"1","cbo1_d_input2_join1_practiceItemOne":"1","cbo1_d_input3_join1_practiceItemOne":"1","cbo1_d_input4_join1_practiceItemOne":"1","cbo1_d_input5_join1_practiceItemOne":"1","cbo1_d_input6_join1_practiceItemOne":"1","cbo1_d_input7_join1_practiceItemOne":"1","cbo1_d_input8_join1_practiceItemOne":"1","ItemName":"TRAVEL","description":"計劃以「一帶一路」在歐洲的重要伙伴—位處歐洲中心的捷克，及毗鄰的德國作為目的地，透過不同的參觀、訪問與活動，從多角度了解和思考兩國的現況、中國在一帶一路的作用與影響及反思香港可扮演的角色與前景。本著為學生探索一帶一路的機遇以及生涯規劃的預備","theme":["option2","Other"],"radiobox_1_comp":"option2","agreementUpload":"no","InputCountryNo":2,"startDateOverseas":"2024-07-11","endDateOverseas":"2024-07-18","numOfDay":8,"DateAppliedInternational":8,"OverseasnumOfParticipants1224":20,"OverseasnumOfParticipants2535":10,"HKnumWorkers":5,"ApplyHKnumWorkers":5,"ApplyAmount":600000,"ApplyMarginAmount":1000,"Q17new_AmountfromParticipantsYN":"y","Q19iOptionAB":"Q19iYes","Q19iiOptionAB":"Q19iiYes","Q19iiiOptionAB":"Q19iiiYes","Q19vSelectMultiple":["Q19vOptionA","Q19vOptionC","Q19vOptionF"],"TOTALOverseanumOfParticipants1235":30,"WholeTOTALnumOfParticipants":35,"othertheme":"否","regiondlistOne":"westEurope","countryOne":"德國","cityOne":"赫爾辛基","beltRoadOne":"n","regiondlistTwo":"midEastEurope","countryTwo":"捷克","cityTwo":"奧斯陸","beltRoadTwo":"y","startDateHK":"2024-09-05","endDateHK":"2024-09-10","numOfDayHK":6,"DateAppliedHK":6,"HKnumOfParticipants1224":5,"Q17new_AmountfromParticipants":3000,"Q19iOptionYesTextbox":"\"1. 與中國人民共和國特別行政區投資推廣署Invest HK柏林辦公室署長及代表交流, 了解一帶一路下大灣區香港在歐洲的角色 2. 與當地華人學生或從業員互動交流, 了解一帶一路下的多元文化、社會事務的參與 3. 參觀當地院校柏林應用大學並與負責人交流, 深入了解一帶一路祖國在教育上與德國的合作 4. 與當地華文商會及中資背景企業/行業協會/機構負責人交流, 了解一帶一路下經濟機遇 5. 參觀一帶一路旗艦示範項目, 促進學生對國家在國際社會上之影響力的認識 \"","Q19iiOptionYesTextbox":"簡介會","Q19ivDropdownOptionANumber":5,"Q19ivDropdownOptionAName":"中國人民共和國特別行政區投資推廣署Invest HK柏林辦公室","Q19ivDropdownOptionBNumber":5,"Q19ivDropdownOptionBName":"中華人民共和國駐芬蘭共和國大使館Vanha kelkkamäki 9-11, 00570 Helsinki, Finland","Q19ivDropdownOptionCNumber":5,"Q19ivDropdownOptionCName":"\"香港駐柏林經濟貿易辦事處 Hong Kong Economic and Trade Office, Berlin Jägerstraße 33, 10117 Berlin  中國駐革但斯克總領事館 地址：Al. Grunwaldzka 1, 80-236, Gdansk \"","Q19ivDropdownOptionDNumber":1,"Q19ivDropdownOptionDName":"Consulate-General of the People’s Republic of China in Nagoya（2 Chome-8-37 Higashisakura, Higashi Ward, Nagoya, Aichi 461-0005, Japan）(tbc)","Q19vOptionOthersTextbox":"TT","D1InternaltionExchangeHistoryFieldList":[{"D1i_PreviousExchangeItem":"201718","D1iiItemName":"TEST","D1iiiItemName":"TEST","D1ivDestination":"TEST","D1vExchangeDateFrom":"2023-11-06","D1vExchangeDateTo":"2023-11-24","D1viNumExchange":50,"D1viiActualNumExchange":50,"D1viiiVerySatifyPert":12,"D1viiiSatifyPert":56,"D1ixEffectiveDesc":"Test"}],"D2YouthInternshipExchangeHistoryFieldList":[{"D2i_PreviousExchangeItem":"201819Exchange","D2iiItemName":"TEST","D2iiiItemName":"TEST","D2ivDestination":"TEST","D2vExchangeDateFrom":"2024-02-14","D2vExchangeDateTo":"2024-03-13","D2viNumExchange":50,"D2viiActualNumExchange":50}],"D3OtherHistoryFieldList":[{"D3iItemName":"TEST","D3iiItemName":"TEST","D3iiiDestination":"TEST","D3ivExchangeDateFrom":"2023-11-14","D3ivExchangeDateTo":"2023-11-15","D3vEffectiveDesc":"TEST","D3viGovtsupport":"D3viGovtsupport_y","D3viGovtsupportTextbox":"TEST"}],"partE_Cb1":true,"partE_Cb2":true,"partE_Cb3":true,"partE_Cb4":true,"partE_Cb5":true,"partE_Cb6":true,"partE_Cb7":true,"groupRepChi":"一二三","groupRepEng":"ONE","groupRepTitle":"ms","groupRepJob":"經理","groupRepTelNum":"12341234","groupRepEmail":"1234@123.com","groupRepAddr":"TEST","ResponsiblegroupRepChi":"一二三","ResponsiblegroupRepEng":"ONE TWO","ResponsiblegroupRepTitle":"ms","ResponsiblegroupRepJob":"經理","ResponsiblegroupRepTelNumOffice":"12341345","ResponsiblegroupRepTelNumMobile":"12341234","ResponsiblegroupRepEmail":"123@123.cn","itemRepOneChi":"一一","itemRepOneEng":"One One","itemRepOneTitle":"mr","itemRepOneJob":"經理","itemRepOneTelNum":"12341234","itemRepOneEmail":"123@13.cn","itemRepOnegroupRepAddr":"Test"}