<submission><data.groupRepChi>蘇</data.groupRepChi><data.D1InternaltionExchangeHistoryFieldList.0.D1viiActualNumExchange>15</data.D1InternaltionExchangeHistoryFieldList.0.D1viiActualNumExchange><data.ResponsiblegroupRepEmail>123@123.com</data.ResponsiblegroupRepEmail><data.itemRepOneEmail>123@123.com</data.itemRepOneEmail><data.D3OtherHistoryFieldList.0.D3viGovtsupport>D3viGovtsupport_n</data.D3OtherHistoryFieldList.0.D3viGovtsupport><data.organiserNameThree_fundingScheme></data.organiserNameThree_fundingScheme><data.partE_Cb4>true</data.partE_Cb4><data.partE_Cb5>true</data.partE_Cb5><data.partE_Cb6>true</data.partE_Cb6><data.partE_Cb7>true</data.partE_Cb7><data.D2YouthInternshipExchangeHistoryFieldList.0.D2viNumExchange>320</data.D2YouthInternshipExchangeHistoryFieldList.0.D2viNumExchange><data.ApplyHKnumWorkers>1</data.ApplyHKnumWorkers><data.partE_Cb1>true</data.partE_Cb1><data.ResponsiblegroupRepTitle>小姐</data.ResponsiblegroupRepTitle><data.partE_Cb2>true</data.partE_Cb2><data.ApplyDoubleSidenumWorkers>2</data.ApplyDoubleSidenumWorkers><data.partE_Cb3>true</data.partE_Cb3><data.registrationStatus>依香港法例註冊並具慈善性質的非政府機構（按《稅務條例》（第112章）註冊為認可的慈善團體或公共性質的信託團體，必須上載依法註冊證書及根據《稅務條例》第88條獲豁免繳稅的證明文件。</data.registrationStatus><data.D3OtherHistoryFieldList.0.D3iItemName>啟蒙人生—香港學子開筆禮(首屆) 啟蒙人生—香港學子開筆禮(第二屆)</data.D3OtherHistoryFieldList.0.D3iItemName><data.groupRepJob>職員</data.groupRepJob><data.beltRoadOne>是</data.beltRoadOne><data.ResponsiblegroupRepEng>TESTING</data.ResponsiblegroupRepEng><data.D1InternaltionExchangeHistoryFieldList.0.D1i_PreviousExchangeItem>202425</data.D1InternaltionExchangeHistoryFieldList.0.D1i_PreviousExchangeItem><data.D2YouthInternshipExchangeHistoryFieldList.0.D2ivDestination>"山東省(青島市、淄博市、濰坊市) 吉林省(長春市、琿春市、吉林市、延邊少數民族自治州)、黑龍江省(哈爾濱市、東寧市) 吉林省(長春市、吉林市、通化市)、遼寧省(瀋陽市、丹東市) 山東省(青島市、淄博市、濰坊市) 吉林省(長春市、吉林市、通化市)、遼寧省(瀋陽市、丹東市) 吉林省(長春市、琿春市、吉林市、延邊少數民族自治州)、黑龍江省(哈爾濱市、東寧市) 廣東省廣州市"</data.D2YouthInternshipExchangeHistoryFieldList.0.D2ivDestination><data.homeAdd>s</data.homeAdd><data.numOfDayHK>2</data.numOfDayHK><data.DoubleSidenumWorkers>2</data.DoubleSidenumWorkers><data.HKnumOfParticipants1224>10</data.HKnumOfParticipants1224><data.TOTALOverseanumOfParticipants1235>10</data.TOTALOverseanumOfParticipants1235><data.organiserNameTwo_fundingScheme></data.organiserNameTwo_fundingScheme><data.ResponsiblegroupRepTelNumMobile>2343423423</data.ResponsiblegroupRepTelNumMobile><data.fundingScheme>「國際青年交流資助計劃」,「青年內地交流資助計劃」,「青年內地實習資助計劃」</data.fundingScheme><data.D2YouthInternshipExchangeHistoryFieldList.0.D2viiActualNumExchange>283</data.D2YouthInternshipExchangeHistoryFieldList.0.D2viiActualNumExchange><data.groupRepTelNum>12345678</data.groupRepTelNum><data.HKnumWorkers>1</data.HKnumWorkers><data.Q19vSelectMultiple>全港／社區招募,限申請團體會員申請,跨團體／屬會會員申請</data.Q19vSelectMultiple><form.userAgent>Mozilla/5.0 (Windows NT 10.0; Win64; x64; rv:132.0) Gecko/20100101 Firefox/132.0</form.userAgent><data.cityOne>哈薩克</data.cityOne><data.endDateHK>2025-06-07</data.endDateHK><data.ApplyAmount>600000</data.ApplyAmount><data.Q17new_AmountfromParticipants>2000</data.Q17new_AmountfromParticipants><data.join>是</data.join><data.OverseasnumOfParticipants1224>10</data.OverseasnumOfParticipants1224><data.countryOne>土庫曼</data.countryOne><data.D2YouthInternshipExchangeHistoryFieldList.0.D2vExchangeDateTo>2024-11-28</data.D2YouthInternshipExchangeHistoryFieldList.0.D2vExchangeDateTo><data.Q17new_AmountfromParticipantsYN>y</data.Q17new_AmountfromParticipantsYN><data.D1InternaltionExchangeHistoryFieldList.0.D1ivDestination>德國(法蘭克福、弗萊堡、海德堡)</data.D1InternaltionExchangeHistoryFieldList.0.D1ivDestination><data.agreementUpload>後補</data.agreementUpload><data.Email>123@123.com</data.Email><data.groupRepEmail>123@123.com</data.groupRepEmail><data.itemRepOnegroupRepAddr>34234</data.itemRepOnegroupRepAddr><data.partF_attachment>,,</data.partF_attachment><data.ItemName>「新世紀　新科技」德港青年交流考察團</data.ItemName><form.formId>HAB015</form.formId><data.itemRepOneTelNum>56789012</data.itemRepOneTelNum><data.HKnumOfParticipants2535>0</data.HKnumOfParticipants2535><data.D2YouthInternshipExchangeHistoryFieldList.0.D2iiItemName>"香港青年山東經濟文化交流考察團 「龍」‧「吉」歷史經濟交流考察團 香港青年東北歷史文化交流考察團 傳統工藝VS現代發展@山東 「遼」．「吉」歷史文化交流考察團 「龍」．「吉」歷史經濟交流考察團 「情繫大灣區　心創新機遇」香港青年內地實習計劃2019</data.D2YouthInternshipExchangeHistoryFieldList.0.D2iiItemName><submit.submitTime>2024-11-18 17:44:16</submit.submitTime><data.Q19iiOptionAB>Q19iiYes</data.Q19iiOptionAB><data.startDateOverseas>2025-05-30</data.startDateOverseas><data.theme>領袖培訓,藝術,經濟</data.theme><form.formVersion>001</form.formVersion><data.radiobox_1_comp>互訪</data.radiobox_1_comp><data.D1InternaltionExchangeHistoryFieldList.0.D1iiItemName>「新世紀　新能源」德港青年交流考察團</data.D1InternaltionExchangeHistoryFieldList.0.D1iiItemName><form.locale>zh-HK</form.locale><form.formName>2025-26年度「國際青年交流資助計劃」申請表格（此表格不提供簡體中文及英文內容）</form.formName><data.EstimatedExpense>600000</data.EstimatedExpense><data.groupRepAddr>地址</data.groupRepAddr><data.D1InternaltionExchangeHistoryFieldList.0.D1viNumExchange>15</data.D1InternaltionExchangeHistoryFieldList.0.D1viNumExchange><data.D2YouthInternshipExchangeHistoryFieldList.0.D2iiiItemName>香港青年培育協會</data.D2YouthInternshipExchangeHistoryFieldList.0.D2iiiItemName><data.option4Attach_join1_practiceItemOne></data.option4Attach_join1_practiceItemOne><data.OverseasnumOfParticipants2535>0</data.OverseasnumOfParticipants2535><data.InputCountryNo>1</data.InputCountryNo><data.Declaration1>true</data.Declaration1><data.D3OtherHistoryFieldList.0.D3iiItemName>"香港青年培育協會 東聯社會服務基金"</data.D3OtherHistoryFieldList.0.D3iiItemName><data.D3OtherHistoryFieldList.0.D3iiiDestination>廣東省德慶縣</data.D3OtherHistoryFieldList.0.D3iiiDestination><data.Q19iiOptionYesTextbox>參加者到德國交流學習，認識當地經濟、能源、科技等的發展方向，與國家新發展的部署，例如「一帶一路」倡議、建立亞投行、構建人類命運共同體、規劃粵港澳大灣區等，作比較，明白國家在提升自身能力、增強自身競爭力、完善自身發展模式的同時，主動承擔大國的責任，做到資金、人才、技術共同輸出，協助「一帶一路」沿線國家和地區改善和增建基礎建設，探索和實踐經濟發展新常態，提升和改善當地人民生活水平，實現共同發展、共同繁榮、共同推動世界和平</data.Q19iiOptionYesTextbox><data.D1InternaltionExchangeHistoryFieldList.0.D1vExchangeDateTo>2024-12-06</data.D1InternaltionExchangeHistoryFieldList.0.D1vExchangeDateTo><data.unitChi>沒有</data.unitChi><data.startDateHK>2025-06-06</data.startDateHK><data.Q19iOptionAB>是</data.Q19iOptionAB><data.TOTALHKnumOfParticipants1235>10</data.TOTALHKnumOfParticipants1235><data.ApplyMarginAmount>0</data.ApplyMarginAmount><data.organiserNameOne_practiceItemOneEng>NA</data.organiserNameOne_practiceItemOneEng><data.D1InternaltionExchangeHistoryFieldList.0.D1iiiItemName>香港青年培育協會</data.D1InternaltionExchangeHistoryFieldList.0.D1iiiItemName><data.ResponsiblegroupRepTelNumOffice>3234234234</data.ResponsiblegroupRepTelNumOffice><data.D1InternaltionExchangeHistoryFieldList.0.D1ixEffectiveDesc>「新世紀　新能源」德港青年交流考察團帶領了25位香港青年前往德國，與當地青年交流學習，為自己的思維帶來正面的衝擊，走出自己的舒適區，重新確定自己的目標。同時，參加者考察當地不同的再生能源設施及拜訪相關企業，了解當地綠色發展的概念、掌握當地政府對綠色能源的重視，反思香港在推動綠色能源遇到的挑戰以及市民對環境保護的意識。是次交流考察團獲得參加者一致的好評，他們表示交流團不但讓他們結識了不小德國的青年朋友，亦能見證德國當地對環境保育、綠色能源發展的重視，讓他們反思香港在推動綠色能源遇到的挑戰以及市民對環境保護的意識，為香港未來的綠色發展方向提出意見及建議，共同建設美好香港。</data.D1InternaltionExchangeHistoryFieldList.0.D1ixEffectiveDesc><data.organiserNameOne_fundingScheme>「國際青年交流資助計劃」,「青年內地交流資助計劃」,「青年內地實習資助計劃」</data.organiserNameOne_fundingScheme><data.TelNum>12345678</data.TelNum><data.url>https://www.hkyouthnurture.org/</data.url><data.D2YouthInternshipExchangeHistoryFieldList.0.D2i_PreviousExchangeItem>202425Exchange</data.D2YouthInternshipExchangeHistoryFieldList.0.D2i_PreviousExchangeItem><data.groupRepTitle>小姐</data.groupRepTitle><data.ResponsiblegroupRepChi>蘇</data.ResponsiblegroupRepChi><data.joinNum>1</data.joinNum><data.DateAppliedHK>2</data.DateAppliedHK><data.WholeTOTALnumOfParticipants>20</data.WholeTOTALnumOfParticipants><submit.trnId>HAB0150666TQWFKJ</submit.trnId><data.endDateOverseas>2025-06-05</data.endDateOverseas><data.itemRepOneEng>TEST</data.itemRepOneEng><data.registrationStatus_organiserOne_practiceItemOne>法定機構</data.registrationStatus_organiserOne_practiceItemOne><data.unitEng>NA</data.unitEng><data.D1InternaltionExchangeHistoryFieldList.0.D1viiiVerySatifyPert>80</data.D1InternaltionExchangeHistoryFieldList.0.D1viiiVerySatifyPert><data.description>透過與當地青年交流學習，了解當地青年的生活習慣，教育及生活理念，以及未來就業的情況等，為自己的思維帶來正面的衝擊。參加者考察當地不同的創新科技及拜訪相關企業，了解當地科技發展的新動向和綠色發展的概念、掌握當地政府對綠色能源、科技創新的重視，體驗新科技對生活模式的改變，感受新科技對生活素質的改善。</data.description><data.Q19iiiOptionAB>Q19iiiNo</data.Q19iiiOptionAB><data.organiserNameEn>Hong Kong Youth</data.organiserNameEn><data.submitAck.ackEmail>mtcfung@hyab.gov.hk</data.submitAck.ackEmail><data.Q19iOptionYesTextbox>參加者到德國交流學習，認識當地經濟、能源、科技等的發展方向，與國家新發展的部署，例如「一帶一路」倡議、建立亞投行、構建人類命運共同體、規劃粵港澳大灣區等，作比較，明白國家在提升自身能力、增強自身競爭力、完善自身發展模式的同時，主動承擔大國的責任，做到資金、人才、技術共同輸出，協助「一帶一路」沿線國家和地區改善和增建基礎建設，探索和實踐經濟發展新常態，提升和改善當地人民生活水平，實現共同發展、共同繁榮、共同推動世界和平</data.Q19iOptionYesTextbox><data.numOfDay>7</data.numOfDay><data.D1InternaltionExchangeHistoryFieldList.0.D1vExchangeDateFrom>2024-11-12</data.D1InternaltionExchangeHistoryFieldList.0.D1vExchangeDateFrom><data.DateAppliedInternational>2</data.DateAppliedInternational><data.D1InternaltionExchangeHistoryFieldList.0.D1viiiSatifyPert>20</data.D1InternaltionExchangeHistoryFieldList.0.D1viiiSatifyPert><data.itemRepOneJob>職員</data.itemRepOneJob><data.organiserNameOne_practiceItemOneChi>萬德學會有限公司</data.organiserNameOne_practiceItemOneChi><data.D2YouthInternshipExchangeHistoryFieldList.0.D2vExchangeDateFrom>2024-11-21</data.D2YouthInternshipExchangeHistoryFieldList.0.D2vExchangeDateFrom><data.regiondlistOne>中亞、西亞及東北亞</data.regiondlistOne><data.D3OtherHistoryFieldList.0.D3vEffectiveDesc>整個活動，香港小學生不僅體驗開筆禮的盛典，弘揚中國傳統文化；而且透過親身體驗活動，領悟做人處事的道理，豐富成長的人生路。</data.D3OtherHistoryFieldList.0.D3vEffectiveDesc><data.itemRepOneChi>蘇</data.itemRepOneChi><form.captchaMethod>MTCAPTCHA</form.captchaMethod><data.groupRepEng>Shirley</data.groupRepEng><data.ProposalUploadExcelFile></data.ProposalUploadExcelFile><data.ResponsiblegroupRepJob>職員</data.ResponsiblegroupRepJob><data.organiserNameChi>香港青年培育協會</data.organiserNameChi><data.itemRepOneTitle>小姐</data.itemRepOneTitle></submission>