<submission><data.groupRepChi>一二三</data.groupRepChi><data.organiserNameTwo_unitChi>222</data.organiserNameTwo_unitChi><data.D1InternaltionExchangeHistoryFieldList.0.D1viiActualNumExchange>50</data.D1InternaltionExchangeHistoryFieldList.0.D1viiActualNumExchange><data.ResponsiblegroupRepEmail>123@123.cn</data.ResponsiblegroupRepEmail><data.Q19ivDropdownOptionDName>Consulate-General of the People’s Republic of China in Nagoya（2 Chome-8-37 Higashisakura, Higashi Ward, Nagoya, Aichi 461-0005, Japan）(tbc)</data.Q19ivDropdownOptionDName><data.itemRepTwoJob>中文姓</data.itemRepTwoJob><data.itemRepOneEmail>123@13.cn</data.itemRepOneEmail><data.cbo1_d_input1_join1_practiceItemOne>1</data.cbo1_d_input1_join1_practiceItemOne><data.registrationStatus_organiserTwo_practiceItemOne>option4</data.registrationStatus_organiserTwo_practiceItemOne><data.D3OtherHistoryFieldList.0.D3viGovtsupport>D3viGovtsupport_y</data.D3OtherHistoryFieldList.0.D3viGovtsupport><data.organiserNameThree_fundingScheme></data.organiserNameThree_fundingScheme><data.partE_Cb4>true</data.partE_Cb4><data.D2YouthInternshipExchangeHistoryFieldList.3.D2viNumExchange>4</data.D2YouthInternshipExchangeHistoryFieldList.3.D2viNumExchange><data.partE_Cb5>true</data.partE_Cb5><data.partE_Cb6>true</data.partE_Cb6><data.partE_Cb7>true</data.partE_Cb7><data.D2YouthInternshipExchangeHistoryFieldList.0.D2viNumExchange>50</data.D2YouthInternshipExchangeHistoryFieldList.0.D2viNumExchange><data.itemRepTwogroupRepAddr>123123</data.itemRepTwogroupRepAddr><data.ApplyHKnumWorkers>5</data.ApplyHKnumWorkers><data.cityTwo>奧斯陸</data.cityTwo><data.partE_Cb1>true</data.partE_Cb1><data.ResponsiblegroupRepTitle>ms</data.ResponsiblegroupRepTitle><data.cbo1_d_input2_join1_practiceItemOne>1</data.cbo1_d_input2_join1_practiceItemOne><data.partE_Cb2>true</data.partE_Cb2><data.partE_Cb3>true</data.partE_Cb3><data.registrationStatus>option4</data.registrationStatus><data.D2YouthInternshipExchangeHistoryFieldList.3.D2ivDestination>4</data.D2YouthInternshipExchangeHistoryFieldList.3.D2ivDestination><data.D3OtherHistoryFieldList.0.D3iItemName>TEST</data.D3OtherHistoryFieldList.0.D3iItemName><data.groupRepJob>經理</data.groupRepJob><data.beltRoadOne>n</data.beltRoadOne><data.D2YouthInternshipExchangeHistoryFieldList.1.D2viiActualNumExchange>2</data.D2YouthInternshipExchangeHistoryFieldList.1.D2viiActualNumExchange><data.ResponsiblegroupRepEng>ONE TWO</data.ResponsiblegroupRepEng><data.D1InternaltionExchangeHistoryFieldList.0.D1i_PreviousExchangeItem>201718</data.D1InternaltionExchangeHistoryFieldList.0.D1i_PreviousExchangeItem><data.itemRepTwoChi>中文姓</data.itemRepTwoChi><data.D2YouthInternshipExchangeHistoryFieldList.0.D2ivDestination>TEST</data.D2YouthInternshipExchangeHistoryFieldList.0.D2ivDestination><data.homeAdd>Test</data.homeAdd><data.cbo1_d_input3_join1_practiceItemOne>1</data.cbo1_d_input3_join1_practiceItemOne><data.numOfDayHK>6</data.numOfDayHK><data.HKnumOfParticipants1224>5</data.HKnumOfParticipants1224><data.option4Attach>,</data.option4Attach><data.TOTALOverseanumOfParticipants1235>30</data.TOTALOverseanumOfParticipants1235><data.organiserNameTwo_fundingScheme>「國際青年交流資助計劃」,「青年內地交流資助計劃」</data.organiserNameTwo_fundingScheme><data.ResponsiblegroupRepTelNumMobile>12341234</data.ResponsiblegroupRepTelNumMobile><data.D2YouthInternshipExchangeHistoryFieldList.4.D2iiiItemName>5</data.D2YouthInternshipExchangeHistoryFieldList.4.D2iiiItemName><data.fundingScheme>「國際青年交流資助計劃」,「青年內地交流資助計劃」,「青年內地實習資助計劃」</data.fundingScheme><data.D2YouthInternshipExchangeHistoryFieldList.0.D2viiActualNumExchange>50</data.D2YouthInternshipExchangeHistoryFieldList.0.D2viiActualNumExchange><data.groupRepTelNum>12341234</data.groupRepTelNum><data.HKnumWorkers>5</data.HKnumWorkers><data.Q19vSelectMultiple>全港／社區招募,跨團體／屬會會員申請,其他(請註明)：</data.Q19vSelectMultiple><form.userAgent>Mozilla/5.0 (Windows NT 10.0; Win64; x64; rv:120.0) Gecko/20100101 Firefox/120.0</form.userAgent><data.cityOne>赫爾辛基</data.cityOne><data.organiserNameTwo_unitEng>222</data.organiserNameTwo_unitEng><data.ApplyAmount>600000</data.ApplyAmount><data.endDateHK>2024-09-10</data.endDateHK><data.itemRepTwoTitle>mr</data.itemRepTwoTitle><data.Q17new_AmountfromParticipants>3000</data.Q17new_AmountfromParticipants><data.cbo1_d_input4_join1_practiceItemOne>1</data.cbo1_d_input4_join1_practiceItemOne><data.D3OtherHistoryFieldList.0.D3ivExchangeDateFrom>2023-11-14</data.D3OtherHistoryFieldList.0.D3ivExchangeDateFrom><data.D2YouthInternshipExchangeHistoryFieldList.4.D2vExchangeDateFrom>2023-11-29</data.D2YouthInternshipExchangeHistoryFieldList.4.D2vExchangeDateFrom><data.Q19ivDropdownOptionCNumber>5</data.Q19ivDropdownOptionCNumber><data.join>y</data.join><data.D2YouthInternshipExchangeHistoryFieldList.2.D2viNumExchange>3</data.D2YouthInternshipExchangeHistoryFieldList.2.D2viNumExchange><data.OverseasnumOfParticipants1224>20</data.OverseasnumOfParticipants1224><data.countryOne>德國</data.countryOne><data.D2YouthInternshipExchangeHistoryFieldList.0.D2vExchangeDateTo>2024-03-13</data.D2YouthInternshipExchangeHistoryFieldList.0.D2vExchangeDateTo><data.D2YouthInternshipExchangeHistoryFieldList.3.D2vExchangeDateFrom>2023-11-28</data.D2YouthInternshipExchangeHistoryFieldList.3.D2vExchangeDateFrom><data.Q17new_AmountfromParticipantsYN>y</data.Q17new_AmountfromParticipantsYN><data.D1InternaltionExchangeHistoryFieldList.0.D1ivDestination>TEST</data.D1InternaltionExchangeHistoryFieldList.0.D1ivDestination><data.agreementUpload>no</data.agreementUpload><data.Email>123@123.com</data.Email><data.organiserNameTwo_practiceItemOneChi>222</data.organiserNameTwo_practiceItemOneChi><data.groupRepEmail>1234@123.com</data.groupRepEmail><data.D2YouthInternshipExchangeHistoryFieldList.3.D2viiActualNumExchange>4</data.D2YouthInternshipExchangeHistoryFieldList.3.D2viiActualNumExchange><data.Q19ivDropdownOptionAName>中國人民共和國特別行政區投資推廣署Invest HK柏林辦公室</data.Q19ivDropdownOptionAName><data.itemRepOnegroupRepAddr>Test</data.itemRepOnegroupRepAddr><data.partF_attachment></data.partF_attachment><data.ItemName>TRAVEL</data.ItemName><form.formId>HAB015</form.formId><data.D2YouthInternshipExchangeHistoryFieldList.2.D2iiItemName>3333</data.D2YouthInternshipExchangeHistoryFieldList.2.D2iiItemName><data.itemRepOneTelNum>12341234</data.itemRepOneTelNum><data.D2YouthInternshipExchangeHistoryFieldList.0.D2iiItemName>TEST</data.D2YouthInternshipExchangeHistoryFieldList.0.D2iiItemName><submit.submitTime>2023-11-28 02:00:10</submit.submitTime><data.Q19ivDropdownOptionDNumber>1</data.Q19ivDropdownOptionDNumber><data.Q19iiOptionAB>Q19iiYes</data.Q19iiOptionAB><data.Q19vOptionOthersTextbox>TT</data.Q19vOptionOthersTextbox><data.startDateOverseas>2024-07-11</data.startDateOverseas><data.theme>藝術,其他</data.theme><data.D2YouthInternshipExchangeHistoryFieldList.2.D2viiActualNumExchange>3</data.D2YouthInternshipExchangeHistoryFieldList.2.D2viiActualNumExchange><form.formVersion>001</form.formVersion><data.beltRoadTwo>y</data.beltRoadTwo><data.countryTwo>捷克</data.countryTwo><data.radiobox_1_comp>option2</data.radiobox_1_comp><data.registrationType_join1_practiceItemOne>cbo1_d</data.registrationType_join1_practiceItemOne><data.D3OtherHistoryFieldList.0.D3viGovtsupportTextbox>TEST</data.D3OtherHistoryFieldList.0.D3viGovtsupportTextbox><data.D1InternaltionExchangeHistoryFieldList.0.D1iiItemName>TEST</data.D1InternaltionExchangeHistoryFieldList.0.D1iiItemName><form.locale>zh-HK</form.locale><form.formName>2024-25年度「國際青年交流資助計劃」申請表格（此表格不提供簡體中文及英文內容）</form.formName><data.groupRepAddr>TEST</data.groupRepAddr><data.Q19ivDropdownOptionCName>"香港駐柏林經濟貿易辦事處 Hong Kong Economic and Trade Office, Berlin Jägerstraße 33, 10117 Berlin  中國駐革但斯克總領事館 地址：Al. Grunwaldzka 1, 80-236, Gdansk "</data.Q19ivDropdownOptionCName><data.D1InternaltionExchangeHistoryFieldList.0.D1viNumExchange>50</data.D1InternaltionExchangeHistoryFieldList.0.D1viNumExchange><data.D2YouthInternshipExchangeHistoryFieldList.0.D2iiiItemName>TEST</data.D2YouthInternshipExchangeHistoryFieldList.0.D2iiiItemName><data.D2YouthInternshipExchangeHistoryFieldList.2.D2ivDestination>3</data.D2YouthInternshipExchangeHistoryFieldList.2.D2ivDestination><data.OverseasnumOfParticipants2535>10</data.OverseasnumOfParticipants2535><data.InputCountryNo>2</data.InputCountryNo><data.cbo1_d_input8_join1_practiceItemOne>1</data.cbo1_d_input8_join1_practiceItemOne><data.Declaration1>true</data.Declaration1><data.D3OtherHistoryFieldList.0.D3iiItemName>TEST</data.D3OtherHistoryFieldList.0.D3iiItemName><data.D3OtherHistoryFieldList.0.D3iiiDestination>TEST</data.D3OtherHistoryFieldList.0.D3iiiDestination><data.Q19iiOptionYesTextbox>簡介會</data.Q19iiOptionYesTextbox><data.D1InternaltionExchangeHistoryFieldList.0.D1vExchangeDateTo>2023-11-24</data.D1InternaltionExchangeHistoryFieldList.0.D1vExchangeDateTo><data.D2YouthInternshipExchangeHistoryFieldList.1.D2vExchangeDateFrom>2023-12-05</data.D2YouthInternshipExchangeHistoryFieldList.1.D2vExchangeDateFrom><data.organiserNameTwo_practiceItemOneEng>222</data.organiserNameTwo_practiceItemOneEng><data.unitChi>青年。出走</data.unitChi><data.D2YouthInternshipExchangeHistoryFieldList.4.D2iiItemName>5</data.D2YouthInternshipExchangeHistoryFieldList.4.D2iiItemName><data.startDateHK>2024-09-05</data.startDateHK><data.Q19ivDropdownOptionBNumber>5</data.Q19ivDropdownOptionBNumber><data.cbo1_d_input7_join1_practiceItemOne>1</data.cbo1_d_input7_join1_practiceItemOne><data.D2YouthInternshipExchangeHistoryFieldList.1.D2viNumExchange>2</data.D2YouthInternshipExchangeHistoryFieldList.1.D2viNumExchange><data.D3OtherHistoryFieldList.0.D3ivExchangeDateTo>2023-11-15</data.D3OtherHistoryFieldList.0.D3ivExchangeDateTo><data.D2YouthInternshipExchangeHistoryFieldList.2.D2vExchangeDateFrom>2023-11-28</data.D2YouthInternshipExchangeHistoryFieldList.2.D2vExchangeDateFrom><data.Q19iOptionAB>Q19iYes</data.Q19iOptionAB><data.ApplyMarginAmount>1000</data.ApplyMarginAmount><data.D2YouthInternshipExchangeHistoryFieldList.3.D2vExchangeDateTo>2023-11-30</data.D2YouthInternshipExchangeHistoryFieldList.3.D2vExchangeDateTo><data.organiserNameOne_practiceItemOneEng>Travel。</data.organiserNameOne_practiceItemOneEng><data.D1InternaltionExchangeHistoryFieldList.0.D1iiiItemName>TEST</data.D1InternaltionExchangeHistoryFieldList.0.D1iiiItemName><data.D2YouthInternshipExchangeHistoryFieldList.1.D2vExchangeDateTo>2024-01-06</data.D2YouthInternshipExchangeHistoryFieldList.1.D2vExchangeDateTo><data.cbo1_d_input6_join1_practiceItemOne>1</data.cbo1_d_input6_join1_practiceItemOne><data.ResponsiblegroupRepTelNumOffice>12341345</data.ResponsiblegroupRepTelNumOffice><data.D1InternaltionExchangeHistoryFieldList.0.D1ixEffectiveDesc>Test</data.D1InternaltionExchangeHistoryFieldList.0.D1ixEffectiveDesc><data.organiserNameOne_fundingScheme>「國際青年交流資助計劃」</data.organiserNameOne_fundingScheme><data.othertheme>否</data.othertheme><data.TelNum>12341234</data.TelNum><data.url>NA</data.url><data.D2YouthInternshipExchangeHistoryFieldList.4.D2viNumExchange>5</data.D2YouthInternshipExchangeHistoryFieldList.4.D2viNumExchange><data.cbo1_d_input5_join1_practiceItemOne>1</data.cbo1_d_input5_join1_practiceItemOne><data.D2YouthInternshipExchangeHistoryFieldList.4.D2viiActualNumExchange>5</data.D2YouthInternshipExchangeHistoryFieldList.4.D2viiActualNumExchange><data.D2YouthInternshipExchangeHistoryFieldList.2.D2vExchangeDateTo>2023-11-30</data.D2YouthInternshipExchangeHistoryFieldList.2.D2vExchangeDateTo><data.D2YouthInternshipExchangeHistoryFieldList.4.D2ivDestination>5</data.D2YouthInternshipExchangeHistoryFieldList.4.D2ivDestination><data.D2YouthInternshipExchangeHistoryFieldList.0.D2i_PreviousExchangeItem>201718Exchange</data.D2YouthInternshipExchangeHistoryFieldList.0.D2i_PreviousExchangeItem><data.groupRepTitle>ms</data.groupRepTitle><data.ResponsiblegroupRepChi>一二三</data.ResponsiblegroupRepChi><data.joinNum>2</data.joinNum><data.DateAppliedHK>6</data.DateAppliedHK><data.WholeTOTALnumOfParticipants>35</data.WholeTOTALnumOfParticipants><submit.trnId>HAB0155VXWT3GGAF</submit.trnId><data.endDateOverseas>2024-07-18</data.endDateOverseas><data.itemRepOneEng>One One</data.itemRepOneEng><data.registrationStatus_organiserOne_practiceItemOne>option1</data.registrationStatus_organiserOne_practiceItemOne><data.D2YouthInternshipExchangeHistoryFieldList.4.D2vExchangeDateTo>2023-12-09</data.D2YouthInternshipExchangeHistoryFieldList.4.D2vExchangeDateTo><data.itemRepTwoEmail>12312@12312.com</data.itemRepTwoEmail><data.unitEng>Youth。Travel</data.unitEng><data.D1InternaltionExchangeHistoryFieldList.0.D1viiiVerySatifyPert>12</data.D1InternaltionExchangeHistoryFieldList.0.D1viiiVerySatifyPert><data.description>計劃以「一帶一路」在歐洲的重要伙伴—位處歐洲中心的捷克，及毗鄰的德國作為目的地，透過不同的參觀、訪問與活動，從多角度了解和思考兩國的現況、中國在一帶一路的作用與影響及反思香港可扮演的角色與前景。本著為學生探索一帶一路的機遇以及生涯規劃的預備</data.description><data.Q19iiiOptionAB>Q19iiiYes</data.Q19iiiOptionAB><data.D2YouthInternshipExchangeHistoryFieldList.3.D2iiItemName>4</data.D2YouthInternshipExchangeHistoryFieldList.3.D2iiItemName><data.itemRepTwoTelNum>21231231231</data.itemRepTwoTelNum><data.organiserNameEn>Youth。Travel</data.organiserNameEn><data.D2YouthInternshipExchangeHistoryFieldList.3.D2iiiItemName>4</data.D2YouthInternshipExchangeHistoryFieldList.3.D2iiiItemName><data.submitAck.ackEmail>mtcfung@hyab.gov.hk</data.submitAck.ackEmail><data.Q19iOptionYesTextbox>"1. 與中國人民共和國特別行政區投資推廣署Invest HK柏林辦公室署長及代表交流, 了解一帶一路下大灣區香港在歐洲的角色 2. 與當地華人學生或從業員互動交流, 了解一帶一路下的多元文化、社會事務的參與 3. 參觀當地院校柏林應用大學並與負責人交流, 深入了解一帶一路祖國在教育上與德國的合作 4. 與當地華文商會及中資背景企業/行業協會/機構負責人交流, 了解一帶一路下經濟機遇 5. 參觀一帶一路旗艦示範項目, 促進學生對國家在國際社會上之影響力的認識 "</data.Q19iOptionYesTextbox><data.D2YouthInternshipExchangeHistoryFieldList.1.D2iiiItemName>22222</data.D2YouthInternshipExchangeHistoryFieldList.1.D2iiiItemName><data.numOfDay>8</data.numOfDay><data.D2YouthInternshipExchangeHistoryFieldList.4.D2i_PreviousExchangeItem>202324Exchange</data.D2YouthInternshipExchangeHistoryFieldList.4.D2i_PreviousExchangeItem><data.D1InternaltionExchangeHistoryFieldList.0.D1vExchangeDateFrom>2023-11-06</data.D1InternaltionExchangeHistoryFieldList.0.D1vExchangeDateFrom><data.D2YouthInternshipExchangeHistoryFieldList.1.D2iiItemName>222</data.D2YouthInternshipExchangeHistoryFieldList.1.D2iiItemName><data.DateAppliedInternational>8</data.DateAppliedInternational><data.D2YouthInternshipExchangeHistoryFieldList.3.D2i_PreviousExchangeItem>201718internship</data.D2YouthInternshipExchangeHistoryFieldList.3.D2i_PreviousExchangeItem><data.regiondlistTwo>midEastEurope</data.regiondlistTwo><data.D1InternaltionExchangeHistoryFieldList.0.D1viiiSatifyPert>56</data.D1InternaltionExchangeHistoryFieldList.0.D1viiiSatifyPert><data.itemRepOneJob>經理</data.itemRepOneJob><data.organiserNameOne_practiceItemOneChi>出走。</data.organiserNameOne_practiceItemOneChi><data.D2YouthInternshipExchangeHistoryFieldList.2.D2i_PreviousExchangeItem>201920internship</data.D2YouthInternshipExchangeHistoryFieldList.2.D2i_PreviousExchangeItem><data.D2YouthInternshipExchangeHistoryFieldList.0.D2vExchangeDateFrom>2024-02-14</data.D2YouthInternshipExchangeHistoryFieldList.0.D2vExchangeDateFrom><data.regiondlistOne>westEurope</data.regiondlistOne><data.D3OtherHistoryFieldList.0.D3vEffectiveDesc>TEST</data.D3OtherHistoryFieldList.0.D3vEffectiveDesc><data.Q19ivDropdownOptionBName>中華人民共和國駐芬蘭共和國大使館Vanha kelkkamäki 9-11, 00570 Helsinki, Finland</data.Q19ivDropdownOptionBName><data.option4Attach_join2_practiceItemOne></data.option4Attach_join2_practiceItemOne><data.itemRepOneChi>一一</data.itemRepOneChi><data.D2YouthInternshipExchangeHistoryFieldList.1.D2ivDestination>2222</data.D2YouthInternshipExchangeHistoryFieldList.1.D2ivDestination><form.captchaMethod>MTCAPTCHA</form.captchaMethod><data.D2YouthInternshipExchangeHistoryFieldList.2.D2iiiItemName>3</data.D2YouthInternshipExchangeHistoryFieldList.2.D2iiiItemName><data.groupRepEng>ONE</data.groupRepEng><data.ProposalUploadExcelFile>,</data.ProposalUploadExcelFile><data.D2YouthInternshipExchangeHistoryFieldList.1.D2i_PreviousExchangeItem>201819Exchange</data.D2YouthInternshipExchangeHistoryFieldList.1.D2i_PreviousExchangeItem><data.ResponsiblegroupRepJob>經理</data.ResponsiblegroupRepJob><data.organiserNameChi>青年。出走</data.organiserNameChi><data.Q19ivDropdownOptionANumber>5</data.Q19ivDropdownOptionANumber><data.itemRepOneTitle>mr</data.itemRepOneTitle></submission>