{"Declaration1":true,"organiserNameChi":"香港青年培育協會","organiserNameEn":"Hong Kong Youth","unitChi":"沒有","unitEng":"NA","fundingScheme":["international","youthexchange","youthinternship"],"registrationStatus":"option2","homeAdd":"s","TelNum":"12345678","Email":"123@123.com","url":"https://www.hkyouthnurture.org/","join":"y","joinNum":"1","organiserNameOne_practiceItemOneChi":"萬德學會有限公司","organiserNameOne_practiceItemOneEng":"NA","organiserNameOne_fundingScheme":["international","youthexchange","youthinternship"],"registrationStatus_organiserOne_practiceItemOne":"option4","ItemName":"「新世紀　新科技」德港青年交流考察團","description":"透過與當地青年交流學習，了解當地青年的生活習慣，教育及生活理念，以及未來就業的情況等，為自己的思維帶來正面的衝擊。參加者考察當地不同的創新科技及拜訪相關企業，了解當地科技發展的新動向和綠色發展的概念、掌握當地政府對綠色能源、科技創新的重視，體驗新科技對生活模式的改變，感受新科技對生活素質的改善。","theme":["option6","option2","option8"],"radiobox_1_comp":"option2","agreementUpload":"no","InputCountryNo":1,"startDateOverseas":"2025-05-30","endDateOverseas":"2025-06-05","numOfDay":7,"DateAppliedInternational":2,"OverseasnumOfParticipants1224":10,"OverseasnumOfParticipants2535":0,"HKnumWorkers":1,"ApplyHKnumWorkers":1,"EstimatedExpense":600000,"ApplyMarginAmount":0,"Q17new_AmountfromParticipantsYN":"y","Q19iOptionAB":"Q19iYes","Q19iiOptionAB":"Q19iiYes","Q19iiiOptionAB":"Q19iiiNo","Q19vSelectMultiple":["Q19vOptionA","Q19vOptionB","Q19vOptionC"],"TOTALOverseanumOfParticipants1235":10,"WholeTOTALnumOfParticipants":20,"regiondlistOne":"midwestnorthAsia","cityOne":"哈薩克","beltRoadOne":"y","startDateHK":"2025-06-06","endDateHK":"2025-06-07","numOfDayHK":2,"DateAppliedHK":2,"HKnumOfParticipants1224":10,"HKnumOfParticipants2535":0,"DoubleSidenumWorkers":2,"ApplyDoubleSidenumWorkers":2,"ApplyAmount":600000,"Q17new_AmountfromParticipants":2000,"Q19iOptionYesTextbox":"參加者到德國交流學習，認識當地經濟、能源、科技等的發展方向，與國家新發展的部署，例如「一帶一路」倡議、建立亞投行、構建人類命運共同體、規劃粵港澳大灣區等，作比較，明白國家在提升自身能力、增強自身競爭力、完善自身發展模式的同時，主動承擔大國的責任，做到資金、人才、技術共同輸出，協助「一帶一路」沿線國家和地區改善和增建基礎建設，探索和實踐經濟發展新常態，提升和改善當地人民生活水平，實現共同發展、共同繁榮、共同推動世界和平","Q19iiOptionYesTextbox":"參加者到德國交流學習，認識當地經濟、能源、科技等的發展方向，與國家新發展的部署，例如「一帶一路」倡議、建立亞投行、構建人類命運共同體、規劃粵港澳大灣區等，作比較，明白國家在提升自身能力、增強自身競爭力、完善自身發展模式的同時，主動承擔大國的責任，做到資金、人才、技術共同輸出，協助「一帶一路」沿線國家和地區改善和增建基礎建設，探索和實踐經濟發展新常態，提升和改善當地人民生活水平，實現共同發展、共同繁榮、共同推動世界和平","TOTALHKnumOfParticipants1235":10,"countryOne":"土庫曼","D1InternaltionExchangeHistoryFieldList":[{"D1i_PreviousExchangeItem":"202425","D1iiItemName":"「新世紀　新能源」德港青年交流考察團","D1iiiItemName":"香港青年培育協會","D1ivDestination":"德國(法蘭克福、弗萊堡、海德堡)","D1vExchangeDateFrom":"2024-11-12","D1vExchangeDateTo":"2024-12-06","D1viNumExchange":15,"D1viiActualNumExchange":"15","D1viiiVerySatifyPert":"80","D1viiiSatifyPert":20,"D1ixEffectiveDesc":"「新世紀　新能源」德港青年交流考察團帶領了25位香港青年前往德國，與當地青年交流學習，為自己的思維帶來正面的衝擊，走出自己的舒適區，重新確定自己的目標。同時，參加者考察當地不同的再生能源設施及拜訪相關企業，了解當地綠色發展的概念、掌握當地政府對綠色能源的重視，反思香港在推動綠色能源遇到的挑戰以及市民對環境保護的意識。是次交流考察團獲得參加者一致的好評，他們表示交流團不但讓他們結識了不小德國的青年朋友，亦能見證德國當地對環境保育、綠色能源發展的重視，讓他們反思香港在推動綠色能源遇到的挑戰以及市民對環境保護的意識，為香港未來的綠色發展方向提出意見及建議，共同建設美好香港。"}],"D2YouthInternshipExchangeHistoryFieldList":[{"D2i_PreviousExchangeItem":"202425Exchange","D2iiItemName":"\"香港青年山東經濟文化交流考察團 「龍」‧「吉」歷史經濟交流考察團 香港青年東北歷史文化交流考察團 傳統工藝VS現代發展@山東 「遼」．「吉」歷史文化交流考察團 「龍」．「吉」歷史經濟交流考察團 「情繫大灣區　心創新機遇」香港青年內地實習計劃2019","D2iiiItemName":"香港青年培育協會","D2ivDestination":"\"山東省(青島市、淄博市、濰坊市) 吉林省(長春市、琿春市、吉林市、延邊少數民族自治州)、黑龍江省(哈爾濱市、東寧市) 吉林省(長春市、吉林市、通化市)、遼寧省(瀋陽市、丹東市) 山東省(青島市、淄博市、濰坊市) 吉林省(長春市、吉林市、通化市)、遼寧省(瀋陽市、丹東市) 吉林省(長春市、琿春市、吉林市、延邊少數民族自治州)、黑龍江省(哈爾濱市、東寧市) 廣東省廣州市\"","D2vExchangeDateFrom":"2024-11-21","D2vExchangeDateTo":"2024-11-28","D2viNumExchange":320,"D2viiActualNumExchange":283}],"D3OtherHistoryFieldList":[{"D3iItemName":"啟蒙人生—香港學子開筆禮(首屆) 啟蒙人生—香港學子開筆禮(第二屆)","D3iiItemName":"\"香港青年培育協會 東聯社會服務基金\"","D3iiiDestination":"廣東省德慶縣","D3vEffectiveDesc":"整個活動，香港小學生不僅體驗開筆禮的盛典，弘揚中國傳統文化；而且透過親身體驗活動，領悟做人處事的道理，豐富成長的人生路。","D3viGovtsupport":"D3viGovtsupport_n"}],"partE_Cb1":true,"partE_Cb2":true,"partE_Cb3":true,"partE_Cb4":true,"partE_Cb5":true,"partE_Cb6":true,"partE_Cb7":true,"groupRepChi":"蘇","groupRepEng":"Shirley","groupRepTitle":"ms","groupRepJob":"職員","groupRepTelNum":"12345678","groupRepEmail":"123@123.com","groupRepAddr":"地址","ResponsiblegroupRepChi":"蘇","ResponsiblegroupRepEng":"TESTING","ResponsiblegroupRepTitle":"ms","ResponsiblegroupRepJob":"職員","ResponsiblegroupRepTelNumOffice":"3234234234","ResponsiblegroupRepTelNumMobile":"2343423423","ResponsiblegroupRepEmail":"123@123.com","itemRepOneChi":"蘇","itemRepOneEng":"TEST","itemRepOneTitle":"ms","itemRepOneJob":"職員","itemRepOneTelNum":"56789012","itemRepOneEmail":"123@123.com","itemRepOnegroupRepAddr":"34234"}