en\index.html.1,0,0
en\index,html,new
en\manifest,3016490d35863f6b2ed7dce501e4104e,json
form,090ac96bac6a30c5ad2a,js
icons-0546bdb8ba1ff25e17d8919795cc817d\android-chrome-144x144,,png
icons-0546bdb8ba1ff25e17d8919795cc817d\android-chrome-192x192,,png
icons-0546bdb8ba1ff25e17d8919795cc817d\android-chrome-256x256,,png
icons-0546bdb8ba1ff25e17d8919795cc817d\android-chrome-36x36,,png
icons-0546bdb8ba1ff25e17d8919795cc817d\android-chrome-384x384,,png
icons-0546bdb8ba1ff25e17d8919795cc817d\android-chrome-48x48,,png
icons-0546bdb8ba1ff25e17d8919795cc817d\android-chrome-512x512,,png
icons-0546bdb8ba1ff25e17d8919795cc817d\android-chrome-72x72,,png
icons-0546bdb8ba1ff25e17d8919795cc817d\android-chrome-96x96,,png
icons-0546bdb8ba1ff25e17d8919795cc817d\apple-touch-icon-114x114,,png
icons-0546bdb8ba1ff25e17d8919795cc817d\apple-touch-icon-120x120,,png
icons-0546bdb8ba1ff25e17d8919795cc817d\apple-touch-icon-144x144,,png
icons-0546bdb8ba1ff25e17d8919795cc817d\apple-touch-icon-152x152,,png
icons-0546bdb8ba1ff25e17d8919795cc817d\apple-touch-icon-167x167,,png
icons-0546bdb8ba1ff25e17d8919795cc817d\apple-touch-icon-180x180,,png
icons-0546bdb8ba1ff25e17d8919795cc817d\apple-touch-icon-57x57,,png
icons-0546bdb8ba1ff25e17d8919795cc817d\apple-touch-icon-60x60,,png
icons-0546bdb8ba1ff25e17d8919795cc817d\apple-touch-icon-72x72,,png
icons-0546bdb8ba1ff25e17d8919795cc817d\apple-touch-icon-76x76,,png
icons-0546bdb8ba1ff25e17d8919795cc817d\apple-touch-icon-precomposed,,png
icons-0546bdb8ba1ff25e17d8919795cc817d\apple-touch-icon,,png
icons-0546bdb8ba1ff25e17d8919795cc817d\browserconfig,,xml
icons-0546bdb8ba1ff25e17d8919795cc817d\coast-228x228,,png
icons-0546bdb8ba1ff25e17d8919795cc817d\favicon-16x16,,png
icons-0546bdb8ba1ff25e17d8919795cc817d\favicon-32x32,,png
icons-0546bdb8ba1ff25e17d8919795cc817d\favicon,,ico
icons-0546bdb8ba1ff25e17d8919795cc817d\firefox_app_128x128,,png
icons-0546bdb8ba1ff25e17d8919795cc817d\firefox_app_512x512,,png
icons-0546bdb8ba1ff25e17d8919795cc817d\firefox_app_60x60,,png
icons-0546bdb8ba1ff25e17d8919795cc817d\manifest,,json
icons-0546bdb8ba1ff25e17d8919795cc817d\manifest,,webapp
icons-0546bdb8ba1ff25e17d8919795cc817d\mstile-144x144,,png
icons-0546bdb8ba1ff25e17d8919795cc817d\mstile-150x150,,png
icons-0546bdb8ba1ff25e17d8919795cc817d\mstile-310x150,,png
icons-0546bdb8ba1ff25e17d8919795cc817d\mstile-310x310,,png
icons-0546bdb8ba1ff25e17d8919795cc817d\mstile-70x70,,png
icons-0546bdb8ba1ff25e17d8919795cc817d\yandex-browser-50x50,,png
icons-0546bdb8ba1ff25e17d8919795cc817d\yandex-browser-manifest,,json
icons-fe035e8b22c3611701b7260e662d5da6\apple-touch-startup-image-1182x2208,,png
icons-fe035e8b22c3611701b7260e662d5da6\apple-touch-startup-image-1242x2148,,png
icons-fe035e8b22c3611701b7260e662d5da6\apple-touch-startup-image-1496x2048,,png
icons-fe035e8b22c3611701b7260e662d5da6\apple-touch-startup-image-1536x2008,,png
icons-fe035e8b22c3611701b7260e662d5da6\apple-touch-startup-image-320x460,,png
icons-fe035e8b22c3611701b7260e662d5da6\apple-touch-startup-image-640x1096,,png
icons-fe035e8b22c3611701b7260e662d5da6\apple-touch-startup-image-640x920,,png
icons-fe035e8b22c3611701b7260e662d5da6\apple-touch-startup-image-748x1024,,png
icons-fe035e8b22c3611701b7260e662d5da6\apple-touch-startup-image-750x1294,,png
icons-fe035e8b22c3611701b7260e662d5da6\apple-touch-startup-image-768x1004,,png
index,,html
logo,36aac1de1c0147c849a8a7d64da409fb,jpg
sc\index.html.1,0,0
sc\index,html,new
sc\manifest,3016490d35863f6b2ed7dce501e4104e,json
tc\index.html.1,0,0
tc\index,html,new
tc\manifest,3016490d35863f6b2ed7dce501e4104e,json
